razi https://ganjoor.net/razi/ 9 --> Full, Correct

ebnehesam https://ganjoor.net/ebnehesam/ 4 --> Full, Correct

abusaeed https://ganjoor.net/abusaeed/ 2 --> Full, Correct

asadi https://ganjoor.net/asadi/ 1 --> Full, Correct

asad https://ganjoor.net/asad/ 1 --> Full, Correct

azraghi https://ganjoor.net/azraghi/ 3 --> Full, Correct

iqbal https://ganjoor.net/iqbal/ 7 --> Full, Correct

	khosro https://ganjoor.net/khosro/ 1 --> Wrong, Rework

	amir https://ganjoor.net/amir/ 9 --> Wrong Rework

	anvari https://ganjoor.net/anvari/ 1 --> Wrong Rework

	ouhadi https://ganjoor.net/ouhadi/ 5 --> 1 Wrong Rework

	babaafzal https://ganjoor.net/babaafzal/ 3 --> 1 Wrong Rework

	babataher https://ganjoor.net/babataher/ 3 --> 1 Wrong Rework

	bahar https://ganjoor.net/bahar/ 14 --> 1 Wrong Rework

	bidel https://ganjoor.net/bidel/ 3 --> 2 Wrong Rework

	parvin https://ganjoor.net/parvin/ 1 --> 1 Wrong Rework

	jami https://ganjoor.net/jami/ 2 --> 1 Wrong Rework

	jabali https://ganjoor.net/jabali/ 0 --> 1 Wrong Rework

	hafez https://ganjoor.net/hafez/ 12 --> 1 Wrong Rework

	khaghani https://ganjoor.net/khaghani/ 1 --> Wrong Rework

khalili https://ganjoor.net/khalili/ 1

	khajoo https://ganjoor.net/khajoo/ 3 --> Wrong Rework

	abdullah https://ganjoor.net/abdullah/ 0 --> Blank

	khayyam https://ganjoor.net/khayyam/ 2 --> Wrong Rework

		hatef https://ganjoor.net/hatef/divan-hatef/gar/ 29 --> Major Issue

	roodaki https://ganjoor.net/roodaki/ 4 --> Wrong Rework

rahi https://ganjoor.net/rahi/ 9

		saadi https://ganjoor.net/saadi/ 5 --> Major Issue

	salman https://ganjoor.net/salman/ 5 --> Wrong Rework

	sanaee https://ganjoor.net/sanaee/ 3 --> Wrong Rework

	seyf https://ganjoor.net/seyf/ 4 --> Wrong Rework

		shahnematollah https://ganjoor.net/shahnematollah/ 9 --> Major Issue

shabestari https://ganjoor.net/shabestari/ 2

	shahriar https://ganjoor.net/shahriar/ 4 --> Wrong Rework

	bahaee https://ganjoor.net/bahaee/ 4 --> Wrong Rework

	saeb https://ganjoor.net/saeb/ 1 --> Wrong Rework

zahir https://ganjoor.net/zahir/ 7

	shater https://ganjoor.net/shater/ 4 --> Wrong Rework

aref https://ganjoor.net/aref/ 1

gilani https://ganjoor.net/gilani/ 1

	obeyd https://ganjoor.net/obeyd/ 5 --> Wrong Rework

	eraghi https://ganjoor.net/eraghi/ 2 --> Wrong Rework

orfi https://ganjoor.net/orfi/ 3

	attar https://ganjoor.net/attar/ 21 --> Wrong Rework

omman https://ganjoor.net/omman/ 2

	onsori https://ganjoor.net/onsori/ 5 --> Wrong Rework

fayez https://ganjoor.net/fayez/ 1

	farrokhi https://ganjoor.net/farrokhi/ 1 --> Wrong Rework

	ferdousi https://ganjoor.net/ferdousi/ 2 --> Wrong Rework
 
	forooghi https://ganjoor.net/forooghi/ 1 --> Wrong Rework

		feyz https://ganjoor.net/feyz/ 0 --> Wrong Rework

	ghaani https://ganjoor.net/ghaani/ 9 --> Wrong Rework

ghodsi https://ganjoor.net/ghodsi/ 5

kesayee https://ganjoor.net/kesayee/ 3

kamal https://ganjoor.net/kamal/ 7

	khojandi https://ganjoor.net/khojandi/ 8 --> Wrong Rework

	mohtasham https://ganjoor.net/mohtasham/ 2 --> Wrong Rework

 	masood https://ganjoor.net/masood/ 1 --> Wrong Rework

	manoochehri https://ganjoor.net/manoochehri/ 1 --> Wrong Rework

	moulavi https://ganjoor.net/moulavi/ 4 --> Wrong Rework
 
mahsati https://ganjoor.net/mahsati/ 1

	meybodi https://ganjoor.net/meybodi/ 1 --> Wrong Rework

	naserkhosro https://ganjoor.net/naserkhosro/ 2 --> Wrong Rework

nezari https://ganjoor.net/nezari/ 4

	monshi https://ganjoor.net/monshi/ 1 --> Wrong Rework

	nezami https://ganjoor.net/nezami/ 1 --> Wrong Rework

	vahshi https://ganjoor.net/vahshi/ 4 --> Wrong Rework

varavini https://ganjoor.net/varavini/ 1 --> Wrong Rework

varaviniatvat https://ganjoor.net/vatvat/ 8 --> Wrong Rework

		hatef https://ganjoor.net/hatef/ 3 --> Major Issue

	hojviri https://ganjoor.net/hojviri/ 1 --> Wrong Rework

	helali https://ganjoor.net/helali/ 6 --> Wrong Rework
